/* inserting account types */
INSERT INTO ACCOUNT_TYPE (ACCOUNT_TYPE_ID, ACCOUNT_TYPE_NAME) VALUES (1, 'Employee');
INSERT INTO ACCOUNT_TYPE (ACCOUNT_TYPE_ID, ACCOUNT_TYPE_NAME) VALUES (2, 'Affiliate');
INSERT INTO ACCOUNT_TYPE (ACCOUNT_TYPE_ID, ACCOUNT_TYPE_NAME) VALUES (3, 'Normal Customer');

/* inserting items types */
INSERT INTO ITEM_TYPE (ITEM_TYPE_ID, ITEM_TYPE_NAME) VALUES (1, 'Non-Grocery');
INSERT INTO ITEM_TYPE (ITEM_TYPE_ID, ITEM_TYPE_NAME) VALUES (2, 'Grocery');

/* inserting users */
INSERT INTO USER_INFO (USER_ID, USER_NAME, ACCOUNT_BEGIN_DATE, ACCOUNT_TYPE_ID) VALUES (1, 'Adib', '01/01/2016', 3);
INSERT INTO USER_INFO (USER_ID, USER_NAME, ACCOUNT_BEGIN_DATE, ACCOUNT_TYPE_ID) VALUES (2, 'Thomas', '01/01/2019', 1);
INSERT INTO USER_INFO (USER_ID, USER_NAME, ACCOUNT_BEGIN_DATE, ACCOUNT_TYPE_ID) VALUES (3, 'John', '01/01/2019', 2);
INSERT INTO USER_INFO (USER_ID, USER_NAME, ACCOUNT_BEGIN_DATE, ACCOUNT_TYPE_ID) VALUES (4, 'Albert', '01/01/2015', 1);

/* inserting items */
INSERT INTO ITEM (ITEM_ID, ITEM_NAME, ITEM_TYPE_ID, ITEM_PRICE) VALUES (1, 'Chocolate', 1, 1);
INSERT INTO ITEM (ITEM_ID, ITEM_NAME, ITEM_TYPE_ID, ITEM_PRICE) VALUES (2, 'Juice', 1, 1);
INSERT INTO ITEM (ITEM_ID, ITEM_NAME, ITEM_TYPE_ID, ITEM_PRICE) VALUES (3, 'Potato Chips', 1, 1);
INSERT INTO ITEM (ITEM_ID, ITEM_NAME, ITEM_TYPE_ID, ITEM_PRICE) VALUES (4, 'Meat', 2, 4);
INSERT INTO ITEM (ITEM_ID, ITEM_NAME, ITEM_TYPE_ID, ITEM_PRICE) VALUES (5, 'Bread', 2, 1);
INSERT INTO ITEM (ITEM_ID, ITEM_NAME, ITEM_TYPE_ID, ITEM_PRICE) VALUES (6, 'Pasta', 2, 3);
INSERT INTO ITEM (ITEM_ID, ITEM_NAME, ITEM_TYPE_ID, ITEM_PRICE) VALUES (7, 'Cheese', 2, 4);

/* inserting bills info to be used for testing */
INSERT INTO BILL_PAYMENT (BILL_PAYMENT_SEQ, BILL_PAYMENT_ID, USER_ID, ITEM_ID, ITEM_QUANTITY) VALUES (1, 1, 1, 1, 15);
INSERT INTO BILL_PAYMENT (BILL_PAYMENT_SEQ, BILL_PAYMENT_ID, USER_ID, ITEM_ID, ITEM_QUANTITY) VALUES (2, 1, 1, 2, 20);
INSERT INTO BILL_PAYMENT (BILL_PAYMENT_SEQ, BILL_PAYMENT_ID, USER_ID, ITEM_ID, ITEM_QUANTITY) VALUES (3, 1, 1, 7, 40);
INSERT INTO BILL_PAYMENT (BILL_PAYMENT_SEQ, BILL_PAYMENT_ID, USER_ID, ITEM_ID, ITEM_QUANTITY) VALUES (4, 1, 1, 7, 40);
INSERT INTO BILL_PAYMENT (BILL_PAYMENT_SEQ, BILL_PAYMENT_ID, USER_ID, ITEM_ID, ITEM_QUANTITY) VALUES (5, 2, 2, 2, 15);
INSERT INTO BILL_PAYMENT (BILL_PAYMENT_SEQ, BILL_PAYMENT_ID, USER_ID, ITEM_ID, ITEM_QUANTITY) VALUES (6, 2, 2, 1, 40);
INSERT INTO BILL_PAYMENT (BILL_PAYMENT_SEQ, BILL_PAYMENT_ID, USER_ID, ITEM_ID, ITEM_QUANTITY) VALUES (7, 2, 2, 7, 50);
INSERT INTO BILL_PAYMENT (BILL_PAYMENT_SEQ, BILL_PAYMENT_ID, USER_ID, ITEM_ID, ITEM_QUANTITY) VALUES (8, 2, 2, 6, 50);
INSERT INTO BILL_PAYMENT (BILL_PAYMENT_SEQ, BILL_PAYMENT_ID, USER_ID, ITEM_ID, ITEM_QUANTITY) VALUES (9, 3, 3, 2, 15);
INSERT INTO BILL_PAYMENT (BILL_PAYMENT_SEQ, BILL_PAYMENT_ID, USER_ID, ITEM_ID, ITEM_QUANTITY) VALUES (10, 3, 3, 1, 40);
INSERT INTO BILL_PAYMENT (BILL_PAYMENT_SEQ, BILL_PAYMENT_ID, USER_ID, ITEM_ID, ITEM_QUANTITY) VALUES (11, 4, 4, 7, 85);
INSERT INTO BILL_PAYMENT (BILL_PAYMENT_SEQ, BILL_PAYMENT_ID, USER_ID, ITEM_ID, ITEM_QUANTITY) VALUES (12, 4, 4, 6, 320);